actual,predicted,residual,home,away
-4,1.2461827319044816,-5.246182731904481,Eels,Storm
8,19.046314360516202,-11.046314360516202,Warriors,Knights
-1,-2.1136385446313,1.1136385446313,Panthers,Broncos
25,19.314260538680827,5.685739461319173,Sea Eagles,Bulldogs
1,2.7890993792267365,-1.7890993792267365,Cowboys,Raiders
-9,-13.59977151088767,4.5997715108876704,Sharks,Rabbitohs
10,5.086575732035118,4.913424267964882,Dolphins,Roosters
-12,4.674782049415639,-16.67478204941564,Tigers,Titans
6,14.381528029558707,-8.381528029558707,Panthers,Rabbitohs
-4,-3.632020642109359,-0.3679793578906412,Eels,Sharks
12,12.65831810847396,-0.65831810847396,Broncos,Cowboys
8,17.177772542651738,-9.177772542651738,Roosters,Warriors
6,-5.785999912169178,11.785999912169178,Dolphins,Raiders
-14,-13.931324230636388,-0.06867576936361175,Storm,Bulldogs
-2,-5.990214267822946,3.990214267822946,Tigers,Knights
14,21.55868383140999,-7.55868383140999,Dragons,Titans
4,-3.058384557514805,7.058384557514805,Sea Eagles,Eels
-16,-13.999151569390476,-2.0008484306095244,Knights,Dolphins
2,-1.7661879483633203,3.7661879483633203,Roosters,Rabbitohs
4,1.8256520301238826,2.1743479698761172,Titans,Storm
-14,-22.774301534585312,8.774301534585312,Cowboys,Warriors
22,17.05856598569362,4.941434014306381,Broncos,Dragons
4,6.125543153206594,-2.1255431532065936,Bulldogs,Tigers
4,0.0059291178962377344,3.9940708821037623,Raiders,Sharks
1,8.62564235203141,-7.625642352031409,Eels,Panthers
12,22.70018820310714,-10.700188203107139,Storm,Tigers
-6,-3.6211026670121678,-2.3788973329878322,Dolphins,Broncos
12,1.4639520010672968,10.536047998932704,Cowboys,Titans
1,0.43699466333733816,0.5630053366626618,Rabbitohs,Sea Eagles
2,10.944736916540574,-8.944736916540574,Warriors,Bulldogs
10,8.478520676373485,1.5214793236265152,Knights,Raiders
-32,-23.378559646164287,-8.621440353835713,Dragons,Sharks
8,14.16165604956217,-6.16165604956217,Roosters,Eels
-41,-37.33757185680598,-3.6624281431940204,Raiders,Panthers
-8,-9.88352561584152,1.8835256158415206,Rabbitohs,Storm
0,-1.2153176012889928,1.2153176012889928,Sea Eagles,Knights
26,23.02875748027005,2.9712425197299517,Dragons,Dolphins
34,16.82925653773327,17.17074346226673,Broncos,Tigers
-2,10.36976119030294,-12.36976119030294,Sharks,Warriors
1,3.8785137420788827,-2.8785137420788827,Bulldogs,Cowboys
20,27.137534767886443,-7.137534767886443,Storm,Roosters
-34,-34.44888999232761,0.44888999232760796,Bulldogs,Rabbitohs
-10,-3.960297265832444,-6.039702734167556,Cowboys,Dolphins
32,24.138113309580113,7.861886690419887,Panthers,Sea Eagles
-6,-5.7548594505461335,-0.24514054945386654,Broncos,Raiders
2,13.461739648833888,-11.461739648833888,Titans,Dragons
10,1.73548120847235,8.26451879152765,Knights,Warriors
-6,13.080319366537793,-19.080319366537793,Tigers,Eels
-22,-15.492874784870745,-6.507125215129255,Dolphins,Rabbitohs
10,14.33948506665677,-4.339485066656771,Sharks,Roosters
10,4.39711257365075,5.60288742634925,Sea Eagles,Storm
8,-3.4813539952731114,11.48135399527311,Warriors,Cowboys
-1,-10.60504310024981,9.60504310024981,Knights,Panthers
-17,-9.150516970424375,-7.849483029575625,Titans,Broncos
6,-4.225721029232355,10.225721029232355,Raiders,Dragons
26,5.583785960662634,20.416214039337365,Eels,Bulldogs
2,4.750374260217715,-2.750374260217715,Rabbitohs,Panthers
-10,-17.17088460965016,7.170884609650159,Eels,Broncos
-13,-12.475810971662524,-0.5241890283374762,Bulldogs,Sharks
2,3.787813571550778,-1.7878135715507781,Cowboys,Knights
2,-3.396917551825851,5.396917551825851,Dolphins,Titans
-6,14.086863052092417,-20.08686305209242,Tigers,Sea Eagles
1,2.591242227646578,-1.5912422276465779,Roosters,Dragons
8,11.823282444530914,-3.823282444530914,Storm,Warriors
38,30.30294129447168,7.69705870552832,Sharks,Cowboys
31,33.12348394757504,-2.123483947575039,Eels,Knights
-26,-12.36193996304604,-13.63806003695396,Broncos,Rabbitohs
1,32.87951018471015,-31.87951018471015,Raiders,Dolphins
-16,-8.177013378270253,-7.822986621729747,Sea Eagles,Titans
-4,-8.2992338944629,4.299233894462899,Panthers,Tigers
-14,-5.3681006295679,-8.6318993704321,Warriors,Roosters
-2,-7.590495661712244,5.590495661712244,Dragons,Bulldogs
-4,-8.47455748221557,4.47455748221557,Bulldogs,Raiders
-26,-19.34405204559543,-6.655947954404571,Sea Eagles,Broncos
-12,-11.051948511061738,-0.9480514889382619,Warriors,Panthers
-20,-4.619008369086448,-15.380991630913552,Sharks,Dolphins
-16,-10.862897030841744,-5.137102969158256,Storm,Rabbitohs
2,3.1090373539420115,-1.1090373539420115,Tigers,Dragons
-14,-10.492890973485265,-3.507109026514735,Roosters,Cowboys
2,-4.287074572816236,6.287074572816236,Titans,Eels
8,5.366550340206125,2.6334496597938752,Storm,Broncos
-12,1.687420332139682,-13.687420332139682,Bulldogs,Warriors
44,38.92827230063562,5.071727699364381,Panthers,Roosters
20,12.513234141488155,7.486765858511845,Rabbitohs,Tigers
20,22.395961795337595,-2.3959617953375947,Cowboys,Dragons
8,3.683081124897691,4.316918875102309,Raiders,Eels
20,9.086046244418553,10.913953755581447,Knights,Titans
-6,-11.052622551429499,5.052622551429499,Sea Eagles,Sharks
-11,-26.515359922316513,15.515359922316513,Broncos,Panthers
2,7.53533979672655,-5.53533979672655,Dragons,Roosters
-20,-7.642877087729909,-12.357122912270091,Rabbitohs,Eels
20,27.741172364367355,-7.741172364367355,Sharks,Knights
48,54.72345826132063,-6.72345826132063,Tigers,Cowboys
-8,-12.20696561638172,4.206965616381719,Dolphins,Storm
2,-3.5214577126049758,5.521457712604976,Bulldogs,Titans
-28,-11.66072554836405,-16.33927445163595,Raiders,Sea Eagles
14,-5.572064169772911,19.57206416977291,Dolphins,Dragons
8,5.172838617719112,2.827161382280888,Eels,Cowboys
-4,0.5396418193098084,-4.539641819309808,Warriors,Broncos
-7,-12.295204989765903,5.295204989765903,Rabbitohs,Raiders
10,18.68750712394651,-8.68750712394651,Knights,Sea Eagles
-1,9.03508048803931,-10.03508048803931,Tigers,Raiders
22,10.015181172515833,11.984818827484167,Warriors,Dolphins
-18,-11.68283476806595,-6.31716523193405,Titans,Rabbitohs
-8,-0.3698101092842099,-7.630189890715791,Sharks,Broncos
1,0.8389432981702943,0.16105670182970566,Roosters,Bulldogs
25,23.117685628919762,1.8823143710802377,Cowboys,Storm
8,3.862421380995149,4.1375786190048505,Panthers,Dragons
16,13.8090119447628,2.1909880552372005,Titans,Tigers
-22,-15.439586645246992,-6.560413354753008,Raiders,Warriors
40,29.810318415552143,10.189681584447857,Sea Eagles,Dolphins
6,-1.6038838754859988,7.603883875485999,Dragons,Rabbitohs
4,3.1957848657102272,0.8042151342897728,Broncos,Knights
-24,-16.71545753883322,-7.2845424611667795,Roosters,Panthers
44,40.30701612643004,3.6929838735699576,Storm,Sharks
-22,-7.409188716687152,-14.59081128331285,Bulldogs,Eels
4,-5.755281096572339,9.75528109657234,Cowboys,Panthers
-2,3.599445088690369,-5.599445088690369,Knights,Roosters
30,29.237583980436938,0.7624160195630623,Eels,Sea Eagles
-22,-11.770200881925808,-10.229799118074192,Tigers,Storm
38,30.117606879472834,7.882393120527166,Sharks,Bulldogs
-30,-27.4763990857506,-2.5236009142494,Dragons,Warriors
-28,-34.34804292980876,6.348042929808763,Dolphins,Eels
8,25.99867036905192,-17.99867036905192,Panthers,Knights
18,13.534602373313668,4.465397626686332,Storm,Sea Eagles
-6,4.602994644283129,-10.602994644283129,Broncos,Titans
-25,-21.903247764209954,-3.0967522357900457,Rabbitohs,Cowboys
-2,-14.017867612633319,12.017867612633319,Roosters,Raiders
36,35.875560772149655,0.12443922785034545,Sharks,Dragons
-22,-24.35521771396992,2.355217713969921,Warriors,Rabbitohs
-18,-13.854894239145436,-4.145105760854564,Storm,Panthers
4,-6.7481014423064245,10.748101442306425,Raiders,Titans
74,68.89873299302522,5.10126700697478,Cowboys,Tigers
8,-0.3332995408354884,8.333299540835489,Broncos,Dolphins
-66,-52.64045335381382,-13.359546646186182,Bulldogs,Knights
2,9.337542939914357,-7.337542939914357,Sea Eagles,Roosters
-24,-20.036761608747803,-3.9632383912521973,Tigers,Sharks
-10,11.36272828225529,-21.36272828225529,Dragons,Raiders
-36,-30.339916984708744,-5.6600830152912565,Eels,Warriors
-4,-1.2710731356901663,-2.728926864309834,Rabbitohs,Bulldogs
-2,-3.5982901220159214,1.5982901220159214,Titans,Dolphins
16,23.34974371209987,-7.349743712099869,Knights,Tigers
-20,-10.228471739970168,-9.771528260029832,Bulldogs,Broncos
-11,-4.6179862717888165,-6.3820137282111835,Sea Eagles,Cowboys
-14,-0.32812624071754337,-13.671873759282457,Roosters,Storm
32,24.333930669099107,7.666069330900893,Warriors,Sharks
-10,1.8526528866484213,-11.852652886648421,Dolphins,Panthers
1,-5.766052425964261,6.766052425964261,Eels,Titans
4,-8.396233118244394,12.396233118244394,Dragons,Tigers
1,-3.9898468591856133,4.989846859185613,Warriors,Raiders
-16,-19.396581104660346,3.3965811046603456,Rabbitohs,Broncos
-18,-11.607910252247738,-6.392089747752262,Titans,Roosters
8,7.4854883033284985,0.5145116966715015,Knights,Storm
8,12.667463139379382,-4.667463139379382,Cowboys,Eels
26,13.323246510013753,12.676753489986247,Panthers,Bulldogs
-4,-4.643997055785006,0.6439970557850057,Sharks,Sea Eagles
22,15.522428533490261,6.477571466509739,Broncos,Roosters
-14,-19.481679472757943,5.481679472757943,Tigers,Rabbitohs
30,27.7673532485871,2.2326467514129007,Storm,Eels
-22,-27.920815461461775,5.920815461461775,Raiders,Knights
-6,7.717817433622575,-13.717817433622574,Dragons,Sea Eagles
28,35.532018594678526,-7.532018594678526,Panthers,Sharks
1,-2.0270970067632508,3.0270970067632508,Bulldogs,Dolphins
9,20.813529413538255,-11.813529413538255,Titans,Cowboys
10,4.1232289379088956,5.8767710620911044,Roosters,Sea Eagles
-10,-6.960177952180112,-3.0398220478198876,Titans,Warriors
20,19.160163035177582,0.8398369648224175,Panthers,Storm
-16,-4.443719087732477,-11.556280912267523,Cowboys,Broncos
-2,6.052850966653141,-8.052850966653141,Dolphins,Knights
-10,-1.9312632076273375,-8.068736792372663,Rabbitohs,Sharks
6,2.5783919838260356,3.4216080161739644,Eels,Dragons
4,12.091547609562827,-8.091547609562827,Raiders,Tigers
-12,-13.1112951070607,1.1112951070607,Sea Eagles,Panthers
30,26.13426428638746,3.8657357136125405,Sharks,Titans
44,37.58407774492581,6.415922255074193,Broncos,Eels
12,9.917756497057042,2.0822435029429585,Rabbitohs,Dragons
-8,-10.843081412846423,2.8430814128464235,Tigers,Warriors
16,14.618182174967558,1.3818178250324422,Roosters,Dolphins
46,24.117266601779477,21.882733398220523,Storm,Raiders
36,28.244537810984717,7.755462189015283,Knights,Bulldogs
-20,-14.324491002607308,-5.675508997392692,Cowboys,Sharks
7,-0.3272122937567712,7.327212293756771,Warriors,Sea Eagles
-22,-25.312269884307312,3.3122698843073124,Eels,Roosters
1,-2.376303631328806,3.376303631328806,Tigers,Dolphins
-26,-18.876000308119053,-7.123999691880947,Titans,Panthers
-10,-6.21768523405029,-3.7823147659497103,Dragons,Storm
19,24.754024784701496,-5.754024784701496,Knights,Rabbitohs
12,11.225001526759543,0.7749984732404567,Raiders,Bulldogs
-14,2.5486780964602778,-16.54867809646028,Panthers,Eels
12,19.589983491690184,-7.589983491690184,Warriors,Dragons
-24,-18.929103804416055,-5.070896195583945,Dolphins,Cowboys
21,13.356987207827666,7.643012792172334,Storm,Titans
24,21.594062831328518,2.405937168671482,Roosters,Tigers
-11,-10.338532960574492,-0.6614670394255082,Raiders,Broncos
-18,-21.173072129725746,3.173072129725746,Bulldogs,Sea Eagles
26,34.509710256055044,-8.509710256055044,Knights,Sharks
-10,-6.115570723012123,-3.884429276987877,Broncos,Storm
42,45.676968756826724,-3.6769687568267244,Sea Eagles,Tigers
-14,-14.125902604522524,0.12590260452252444,Rabbitohs,Roosters
24,25.32792522271961,-1.3279252227196103,Dolphins,Warriors
32,40.55657047709378,-8.556570477093778,Panthers,Cowboys
-20,-15.90215273451772,-4.0978472654822795,Dragons,Knights
4,9.667910281520147,-5.667910281520147,Titans,Bulldogs
18,-1.0913852904475494,19.091385290447548,Sharks,Raiders
12,2.4462620595749853,9.553737940425014,Sea Eagles,Rabbitohs
10,12.691058615961516,-2.6910586159615164,Roosters,Broncos
-16,-14.523890373520846,-1.476109626479154,Knights,Raiders
-4,17.407199517656405,-21.407199517656405,Warriors,Sharks
8,-6.642353998138924,14.642353998138924,Storm,Panthers
18,20.331381247087833,-2.3313812470878332,Eels,Bulldogs
-24,-10.962468186880491,-13.037531813119509,Titans,Dragons
-25,-25.024212677523096,0.02421267752309575,Dolphins,Cowboys
10,11.913485664119735,-1.9134856641197349,Broncos,Rabbitohs
19,21.65890997746096,-2.6589099774609615,Sharks,Bulldogs
8,25.354878488100073,-17.354878488100073,Panthers,Eels
20,19.165851192647143,0.8341488073528573,Raiders,Tigers
1,-9.169866763394406,10.169866763394406,Cowboys,Knights
4,7.082439898301226,-3.0824398983012262,Storm,Warriors
7,9.657929348974527,-2.657929348974527,Sea Eagles,Roosters
38,22.1374066192089,15.8625933807911,Dolphins,Dragons
22,17.504386469020805,4.495613530979195,Panthers,Broncos
8,3.9422948318560813,4.057705168143919,Warriors,Raiders
42,25.55568793186411,16.44431206813589,Roosters,Rabbitohs
32,37.117592988926845,-5.1175929889268446,Bulldogs,Titans
-22,-19.51404373020849,-2.4859562697915116,Dragons,Cowboys
26,13.887657670042229,12.112342329957771,Tigers,Sharks
4,1.0337292643662555,2.9662707356337448,Eels,Sea Eagles
2,3.854133171318739,-1.8541331713187388,Knights,Storm
-6,-6.9809106487069865,0.9809106487069865,Roosters,Panthers
4,9.253839983247657,-5.253839983247657,Rabbitohs,Bulldogs
26,23.03429590137933,2.9657040986206695,Broncos,Cowboys
8,9.52825163381385,-1.5282516338138503,Dragons,Sea Eagles
-16,-9.930537958121105,-6.069462041878895,Titans,Dolphins
8,3.032080086838235,4.967919913161765,Warriors,Knights
14,5.451659361854846,8.548340638145154,Sharks,Raiders
-1,-1.6941288334427207,0.6941288334427207,Eels,Tigers
2,-3.0450020393876507,5.045002039387651,Storm,Broncos
4,13.887534294205537,-9.887534294205537,Bulldogs,Roosters
20,11.571076653779683,8.428923346220317,Knights,Dragons
-30,-26.13395758306133,-3.8660424169386687,Rabbitohs,Warriors
14,5.682381996787228,8.317618003212772,Sea Eagles,Panthers
10,7.616721989958565,2.383278010041435,Dolphins,Tigers
13,11.431950582521365,1.568049417478635,Cowboys,Titans
33,33.54342289177681,-0.5434228917768067,Raiders,Eels
-2,-3.231189008096286,1.231189008096286,Knights,Roosters
2,-8.968532515460716,10.968532515460716,Storm,Bulldogs
14,12.872485382807536,1.127514617192464,Broncos,Dolphins
0,4.584186878009012,-4.584186878009012,Warriors,Sea Eagles
7,-8.379157627625728,15.379157627625728,Eels,Cowboys
-12,-2.3531262088005067,-9.646873791199493,Rabbitohs,Sharks
-12,1.10287275244708,-13.10287275244708,Tigers,Dragons
1,6.972440193328313,-5.972440193328313,Raiders,Titans
-6,-9.082483472885079,3.0824834728850785,Roosters,Storm
18,8.72387360731679,9.27612639268321,Dragons,Warriors
-28,-23.49718164354575,-4.502818356454249,Eels,Dolphins
16,8.07548290090765,7.92451709909235,Panthers,Tigers
-4,0.09489672457601822,-4.094896724576018,Titans,Sea Eagles
24,21.917772015014357,2.082227984985643,Broncos,Raiders
24,20.00169939912083,3.998300600879169,Bulldogs,Knights
36,20.779637257611334,15.220362742388666,Sharks,Cowboys
-3,1.1344399914158916,-4.134439991415892,Warriors,Titans
-42,-24.751419064140162,-17.248580935859838,Dragons,Roosters
34,18.282422717666847,15.717577282333153,Storm,Rabbitohs
14,9.737924712861458,4.262075287138542,Sea Eagles,Eels
-24,-9.335585185047862,-14.664414814952138,Tigers,Broncos
-6,1.6947917889419117,-7.694791788941911,Cowboys,Panthers
-4,-0.36418171721363135,-3.6358182827863685,Dolphins,Knights
-40,-28.71713952037923,-11.28286047962077,Raiders,Sharks
-30,-31.705182874952232,1.7051828749522322,Rabbitohs,Panthers
-2,-1.3318554068717665,-0.6681445931282335,Sea Eagles,Raiders
-22,-20.176337875478353,-1.8236621245216469,Broncos,Roosters
8,13.442054784059911,-5.442054784059911,Bulldogs,Tigers
-2,6.6270378025233985,-8.627037802523398,Titans,Storm
-2,7.1924390246171335,-9.192439024617133,Cowboys,Dolphins
6,-1.6169103041277801,7.61691030412778,Knights,Warriors
10,5.250561693467554,4.749438306532446,Sharks,Dragons
6,3.248041614819356,2.751958385180644,Dolphins,Sea Eagles
6,-5.532216984665842,11.532216984665842,Panthers,Bulldogs
-16,-4.822176418000886,-11.177823581999114,Eels,Broncos
-6,-5.0926049661594055,-0.9073950338405945,Tigers,Knights
14,11.691114907933716,2.3088850920662836,Dragons,Rabbitohs
-7,2.1037127197304795,-9.10371271973048,Storm,Sharks
20,16.473009658195775,3.5269903418042254,Roosters,Warriors
2,5.56704789577994,-3.5670478957799396,Titans,Cowboys
4,-13.625781043130528,17.62578104313053,Raiders,Bulldogs
-1,-2.7423323319508794,1.7423323319508794,Sea Eagles,Broncos
-4,8.368269905751637,-12.368269905751637,Titans,Knights
8,6.258896624650513,1.7411033753494873,Sharks,Roosters
-6,-4.290210067571999,-1.7097899324280013,Rabbitohs,Cowboys
2,11.554464297959624,-9.554464297959624,Warriors,Panthers
32,26.354912146400476,5.645087853599524,Storm,Eels
-12,0.7400184345187547,-12.740018434518754,Tigers,Dolphins
32,40.17104461313237,-8.171044613132374,Bulldogs,Dragons
14,19.752081412870716,-5.752081412870716,Cowboys,Tigers
6,7.6768172791538545,-1.6768172791538545,Sea Eagles,Storm
-28,-17.833723018909687,-10.166276981090313,Raiders,Roosters
-42,-31.646287830295158,-10.353712169704842,Sharks,Panthers
16,8.731355600932943,7.268644399067057,Rabbitohs,Eels
-2,-10.863661407179341,8.863661407179341,Broncos,Titans
4,-1.2941589032027452,5.294158903202745,Warriors,Dolphins
12,11.929097088483074,0.07090291151692618,Eels,Sharks
-30,-20.400664787078238,-9.599335212921762,Knights,Bulldogs
-12,-17.882276339384216,5.882276339384216,Panthers,Dragons
-1,3.8476763374991947,-4.847676337499195,Dolphins,Raiders
-2,-8.13985681145792,6.1398568114579195,Roosters,Cowboys
42,47.731102636131446,-5.731102636131446,Dragons,Tigers
-34,-18.24899863664125,-15.75100136335875,Titans,Rabbitohs
-30,-28.858866694722845,-1.1411333052771546,Cowboys,Warriors
-10,-9.513508183608268,-0.486491816391732,Broncos,Sharks
8,2.3407066015234266,5.659293398476573,Storm,Knights
10,14.851961407720877,-4.851961407720877,Panthers,Sea Eagles
4,18.891496946070305,-14.891496946070305,Bulldogs,Eels
-2,-9.976148702237197,7.976148702237197,Sharks,Dolphins
-18,-6.537343763584856,-11.462656236415144,Raiders,Cowboys
10,8.628024004917242,1.3719759950827584,Rabbitohs,Broncos
8,-6.076974314679621,14.076974314679621,Tigers,Titans
-14,1.3631572615010525,-15.363157261501053,Warriors,Storm
-10,-0.2818091942468779,-9.718190805753123,Eels,Roosters
16,8.836790492422622,7.163209507577378,Sea Eagles,Dragons
-8,-11.661839050184108,3.661839050184108,Knights,Panthers
-6,6.399448788969545,-12.399448788969545,Dolphins,Storm
60,49.440654738340946,10.559345261659054,Titans,Warriors
18,15.329939380798123,2.6700606192018768,Roosters,Bulldogs
14,13.244821718275656,0.7551782817243442,Rabbitohs,Sea Eagles
24,4.411391043711345,19.588608956288656,Tigers,Raiders
1,-7.874497037111398,8.874497037111398,Bulldogs,Sharks
16,8.405140768819432,7.594859231180568,Warriors,Broncos
8,-0.7875663027339329,8.787566302733932,Knights,Eels
10,24.47559331182049,-14.47559331182049,Storm,Raiders
20,15.8348833685735,4.1651166314265,Dragons,Dolphins
-10,-4.2531846654638485,-5.7468153345361515,Panthers,Cowboys
34,31.898340277537237,2.101659722462763,Roosters,Tigers
-16,-6.062371394391306,-9.937628605608694,Eels,Rabbitohs
-4,-10.852913721150406,6.852913721150406,Sharks,Titans
-8,-14.366197685659298,6.366197685659298,Broncos,Panthers
1,-6.973311521930065,7.973311521930065,Bulldogs,Warriors
-12,-9.146274158679889,-2.853725841320111,Tigers,Storm
-1,-6.677209823387624,5.677209823387624,Cowboys,Sea Eagles
30,12.177649985567898,17.822350014432104,Roosters,Dragons
-4,-7.353290331887785,3.353290331887785,Raiders,Knights
8,-9.905639356049207,17.905639356049207,Dolphins,Rabbitohs
52,38.776497423999345,13.223502576000655,Sharks,Tigers
8,-2.438637741444605,10.438637741444605,Titans,Eels
-4,-10.305102894602646,6.305102894602646,Broncos,Dragons
38,28.105700395482,9.894299604518,Sea Eagles,Knights
2,-6.677340957224899,8.6773409572249,Raiders,Warriors
14,12.848598988205557,1.1514010117944427,Rabbitohs,Tigers
-16,-10.293817467229802,-5.706182532770198,Knights,Broncos
16,16.932665774557222,-0.932665774557222,Storm,Roosters
2,-2.183031342318863,4.183031342318863,Panthers,Dolphins
30,9.343178836846073,20.65682116315393,Sea Eagles,Titans
2,-4.590101074950696,6.590101074950696,Cowboys,Bulldogs
12,18.021072155654956,-6.021072155654956,Warriors,Tigers
-18,-8.062904222882715,-9.937095777117285,Eels,Storm
-25,-32.3626835209592,7.362683520959202,Broncos,Bulldogs
8,17.881902200625788,-9.881902200625788,Cowboys,Sharks
4,-6.806149480674122,10.806149480674122,Roosters,Sea Eagles
-36,-28.26955186063542,-7.730448139364579,Dragons,Panthers
-7,-20.372159634517676,13.372159634517676,Dolphins,Titans
20,8.907990665170097,11.092009334829903,Raiders,Rabbitohs
-18,-13.394809594398385,-4.605190405601615,Tigers,Cowboys
-10,-4.676778888278507,-5.323221111721493,Warriors,Eels
-6,-5.391550656559521,-0.608449343440479,Dolphins,Roosters
28,21.132141529524763,6.8678584704752375,Titans,Broncos
-2,-5.9607822207734396,3.9607822207734396,Storm,Dragons
14,4.430915375044128,9.569084624955872,Sharks,Rabbitohs
8,1.237597125464875,6.762402874535125,Panthers,Knights
4,10.554034111464603,-6.554034111464603,Bulldogs,Raiders
-12,-12.50171829304125,0.5017182930412503,Rabbitohs,Storm
-44,-15.187254240903789,-28.81274575909621,Titans,Sharks
-2,-6.6027891668182015,4.6027891668182015,Eels,Panthers
-22,-15.050683977913394,-6.949316022086606,Raiders,Sea Eagles
-24,-17.288934156383593,-6.711065843616407,Cowboys,Broncos
-18,-22.79928737919808,4.799287379198081,Dragons,Bulldogs
2,-2.350010209406445,4.350010209406445,Dolphins,Warriors
16,3.695804142307017,12.304195857692983,Knights,Tigers
-2,2.0888637087348796,-4.08886370873488,Panthers,Storm
14,15.565701142822295,-1.5657011428222951,Sea Eagles,Warriors
24,14.633407453618979,9.366592546381021,Roosters,Eels
20,27.24103615628968,-7.241036156289681,Bulldogs,Dolphins
38,31.99458062257515,6.00541937742485,Cowboys,Raiders
2,-12.379341994953897,14.379341994953897,Tigers,Rabbitohs
16,12.473599074085785,3.5264009259142153,Dragons,Titans
1,3.9435940038796105,-2.9435940038796105,Sharks,Knights
8,1.3948652575241411,6.605134742475859,Tigers,Sea Eagles
-16,-14.00620381809596,-1.99379618190404,Warriors,Bulldogs
6,10.222666387444333,-4.222666387444333,Broncos,Eels
4,-1.0470571805121542,5.047057180512154,Raiders,Panthers
42,45.24587456153746,-3.2458745615374625,Storm,Dolphins
-20,-12.029947168075019,-7.970052831924981,Rabbitohs,Knights
-26,-19.507494159437783,-6.492505840562217,Titans,Roosters
-28,-30.64130395099578,2.6413039509957805,Dragons,Sharks
8,-9.72435531244135,17.72435531244135,Cowboys,Storm
-12,-0.7724371346655033,-11.227562865334496,Bulldogs,Sea Eagles
22,24.64052698109574,-2.6405269810957392,Panthers,Rabbitohs
4,12.158382236901812,-8.158382236901812,Eels,Dragons
34,36.39820066522537,-2.3982006652253673,Dolphins,Broncos
-2,-11.559571137123855,9.559571137123855,Sharks,Warriors
22,10.886478748665466,11.113521251334534,Knights,Titans
-2,15.068412117212334,-17.068412117212333,Roosters,Raiders
-38,-38.4058900221888,0.40589002218879955,Broncos,Storm
-34,-27.307357679051115,-6.692642320948885,Tigers,Eels
-8,-9.578473356909901,1.5784733569099014,Rabbitohs,Roosters
-2,6.420654670857795,-8.420654670857795,Dragons,Raiders
-38,-27.36621924443311,-10.633780755566889,Bulldogs,Cowboys
6,11.506159738836269,-5.506159738836269,Panthers,Titans
-20,-24.004381036614244,4.0043810366142445,Sea Eagles,Sharks
8,2.4920391003530553,5.507960899646944,Knights,Dolphins
22,15.30115783387916,6.698842166120841,Raiders,Warriors
6,6.508864754830746,-0.5088647548307463,Panthers,Sharks
-36,-29.611418952038594,-6.388581047961406,Roosters,Broncos
-2,-8.866038857207847,6.8660388572078475,Tigers,Knights
2,2.3738194162442117,-0.37381941624421167,Rabbitohs,Dolphins
-8,-9.073220441106749,1.0732204411067485,Dragons,Bulldogs
30,28.281119400089604,1.7188805999103955,Sea Eagles,Cowboys
38,33.93470857594024,4.065291424059758,Storm,Eels
14,18.12586401567498,-4.125864015674981,Knights,Dolphins
20,5.484177011483868,14.515822988516131,Warriors,Sea Eagles
-6,-5.396571318274305,-0.6034286817256946,Panthers,Roosters
-1,12.559384405213013,-13.559384405213013,Dragons,Rabbitohs
-24,-26.334980223547497,2.334980223547497,Cowboys,Sharks
10,5.489557303919781,4.510442696080219,Raiders,Broncos
-26,-23.070524680849466,-2.9294753191505336,Eels,Tigers
16,11.448542059884725,4.5514579401152755,Bulldogs,Titans
6,-13.878603750317351,19.878603750317353,Storm,Panthers
8,2.0606260440539406,5.93937395594606,Warriors,Roosters
10,8.6024216109946,1.3975783890053997,Broncos,Cowboys
15,20.79388437824012,-5.793884378240119,Sharks,Rabbitohs
-12,-17.17519015048255,5.17519015048255,Dolphins,Tigers
20,12.992603987145587,7.007396012854413,Titans,Knights
-8,-9.42199990390796,1.4219999039079596,Eels,Bulldogs
28,21.739288132165097,6.260711867834903,Sea Eagles,Raiders
10,16.23341996094683,-6.233419960946829,Rabbitohs,Panthers
-18,-3.9210622089300746,-14.078937791069926,Roosters,Titans
-8,-13.3303347381387,5.330334738138699,Dolphins,Broncos
6,-1.6967753990937964,7.696775399093797,Dragons,Storm
10,6.390332410236347,3.609667589763653,Cowboys,Raiders
-14,-16.44666886103177,2.446668861031771,Sharks,Bulldogs
14,27.06309634600357,-13.063096346003569,Sea Eagles,Eels
-2,-9.999194247299764,7.999194247299764,Tigers,Warriors
4,2.4321632767231414,1.5678367232768586,Raiders,Sharks
-4,7.998976150979046,-11.998976150979047,Panthers,Cowboys
6,-0.19227041152883362,6.192270411528834,Rabbitohs,Roosters
1,0.3501367384169116,0.6498632615830884,Eels,Dragons
-26,-21.83334150806904,-4.16665849193096,Titans,Dolphins
22,2.6208539036540506,19.37914609634595,Broncos,Tigers
-24,-8.89029984408861,-15.10970015591139,Sea Eagles,Storm
20,19.22861767641444,0.7713823235855592,Bulldogs,Knights
18,0.10458554176533363,17.895414458234665,Dolphins,Panthers
22,15.19210509081408,6.80789490918592,Dragons,Titans
-10,-1.2738160081117833,-8.726183991888217,Broncos,Roosters
6,2.533035522515654,3.466964477484346,Sharks,Sea Eagles
-8,-11.516981473567657,3.5169814735676574,Rabbitohs,Cowboys
-38,-31.75641835422019,-6.243581645779809,Eels,Raiders
28,24.305661064758244,3.694338935241756,Storm,Warriors
-16,-18.051460251042506,2.0514602510425064,Knights,Tigers
-2,0.6320867205517171,-2.632086720551717,Sea Eagles,Dragons
32,21.77489732065247,10.225102679347529,Bulldogs,Rabbitohs
20,16.191621973389232,3.808378026610768,Dolphins,Storm
2,7.089083262938505,-5.089083262938505,Warriors,Broncos
-28,-15.381035056294097,-12.618964943705903,Roosters,Panthers
-10,-0.8026904362680976,-9.197309563731903,Titans,Raiders
-20,-10.284887907130141,-9.715112092869859,Knights,Sharks
-16,-9.816771500161016,-6.183228499838984,Tigers,Eels
24,22.451963422413424,1.5480365775865756,Broncos,Bulldogs
28,28.235996871846865,-0.23599687184686502,Roosters,Dragons
14,17.450175881218026,-3.4501758812180263,Warriors,Knights
8,15.673202228715065,-7.6732022287150645,Storm,Rabbitohs
32,33.321241414848515,-1.3212414148485152,Cowboys,Titans
-16,-14.555335229903479,-1.4446647700965212,Panthers,Sea Eagles
12,9.439442494218028,2.560557505781972,Raiders,Dolphins
2,5.323217498657268,-3.323217498657268,Tigers,Sharks
10,10.74709288942298,-0.74709288942298,Sharks,Eels
10,18.29365136725376,-8.293651367253759,Roosters,Dolphins
-26,-23.292769017580625,-2.707230982419375,Rabbitohs,Knights
4,-0.395405268567503,4.395405268567503,Warriors,Cowboys
6,-16.475999707381703,22.475999707381703,Tigers,Dragons
-20,-22.17926555452307,2.17926555452307,Titans,Bulldogs
24,19.588680774280576,4.411319225719424,Panthers,Broncos
-2,1.4605821131445271,-3.460582113144527,Storm,Raiders
-4,4.2640302174454625,-8.264030217445463,Eels,Dolphins
-4,-15.592710814804814,11.592710814804814,Knights,Titans
8,-15.496642734350482,23.49664273435048,Rabbitohs,Broncos
-12,-10.812625570190997,-1.1873744298090028,Raiders,Bulldogs
-1,-12.998875150952362,11.998875150952362,Dragons,Warriors
0,-8.644667248344309,8.644667248344309,Cowboys,Panthers
64,48.18050880522509,15.819491194774912,Storm,Tigers
-16,-8.92023592416051,-7.07976407583949,Sea Eagles,Sharks
